image,label
https://firebasestorage.googleapis.com/v0/b/playingcardsio.appspot.com/o/qz2ddj-65136bfe-03ed-4ae4-9f96-6e92700684cd.png?alt=media&token=7404f55e-1c7e-4807-a988-f217f3216975,red-1.png
https://firebasestorage.googleapis.com/v0/b/playingcardsio.appspot.com/o/qz2ddj-675bf810-ac42-41a6-8351-5c21fbb477b8.png?alt=media&token=9b9c9493-b379-400d-b519-25dfafbdc8b1,red-2.png
https://firebasestorage.googleapis.com/v0/b/playingcardsio.appspot.com/o/qz2ddj-c3ecca7a-137c-46a7-967d-2a981eab8752.png?alt=media&token=59dfe55a-fdfa-4d42-9d71-d54ec88a2881,red-3.png
https://firebasestorage.googleapis.com/v0/b/playingcardsio.appspot.com/o/qz2ddj-8936eaab-a745-4554-ab29-6019de60ad2f.png?alt=media&token=87c2e7bd-6e0f-4182-b05b-f9688507eb1f,red-4.png
https://firebasestorage.googleapis.com/v0/b/playingcardsio.appspot.com/o/qz2ddj-d3c45a09-e649-4c65-a080-250c3bb67ed7.png?alt=media&token=f9d89375-c954-4968-a760-3b31accb7125,red-5.png
https://firebasestorage.googleapis.com/v0/b/playingcardsio.appspot.com/o/qz2ddj-3d5a29f9-7939-4916-bea3-ea2a2ea064b3.png?alt=media&token=e1ce6b4c-7682-4a7c-8392-9448f363b6d3,red-6.png
https://firebasestorage.googleapis.com/v0/b/playingcardsio.appspot.com/o/qz2ddj-19286b1b-d4ae-44a2-a59d-ddb834559637.png?alt=media&token=7c719a62-473e-47ad-9610-c08dfcb99fd7,blue-1.png
https://firebasestorage.googleapis.com/v0/b/playingcardsio.appspot.com/o/qz2ddj-73c8cfe3-9afa-46a4-ba8d-c024da43d774.png?alt=media&token=610bbd2d-58a8-4399-a9dc-432a25fcf980,blue-2.png
https://firebasestorage.googleapis.com/v0/b/playingcardsio.appspot.com/o/qz2ddj-32a4cdcf-83c9-45a8-9c7e-2b262572ccab.png?alt=media&token=44d03fb2-deb8-42f9-9dcb-9080bcf92d25,blue-3.png
https://firebasestorage.googleapis.com/v0/b/playingcardsio.appspot.com/o/qz2ddj-38603bac-c1cc-42e7-bb3c-295b4d6692a9.png?alt=media&token=f0841d2a-46f8-4743-8933-790dd04c8d25,blue-4.png
https://firebasestorage.googleapis.com/v0/b/playingcardsio.appspot.com/o/qz2ddj-bd83d251-a4ef-4268-87c8-2c350576eb17.png?alt=media&token=a575c56b-5351-46a8-ae21-09a5e860f4a1,blue-5.png
https://firebasestorage.googleapis.com/v0/b/playingcardsio.appspot.com/o/qz2ddj-2354de7b-88b7-41eb-8600-505ac5b8b4f9.png?alt=media&token=947efa95-2d35-4271-b921-27e0c549e2cf,blue-6.png
https://firebasestorage.googleapis.com/v0/b/playingcardsio.appspot.com/o/qz2ddj-8d6ad8ea-6001-4620-9c1a-3450236de4ea.png?alt=media&token=7bcc8ed0-76c7-4d5b-93ad-bca25a7dcf14,green-1.png
https://firebasestorage.googleapis.com/v0/b/playingcardsio.appspot.com/o/qz2ddj-45c326ad-1983-4137-83b5-e8bd63117c7a.png?alt=media&token=950dfc25-bbec-4825-b1b6-fdf383065179,green-2.png
https://firebasestorage.googleapis.com/v0/b/playingcardsio.appspot.com/o/qz2ddj-a4362c28-1c55-4e9b-ba7f-557ae677c0c7.png?alt=media&token=de17bdbd-9269-419d-87f8-c481c0f266ad,green-3.png
https://firebasestorage.googleapis.com/v0/b/playingcardsio.appspot.com/o/qz2ddj-886cc8cd-6c0f-49da-9f68-ecc394711d2c.png?alt=media&token=140dcbac-92cc-471a-857b-fe9fa1433100,green-4.png
https://firebasestorage.googleapis.com/v0/b/playingcardsio.appspot.com/o/qz2ddj-b40de89c-41cd-4b42-9336-59bd9c3c5a67.png?alt=media&token=cb9c9bdd-05c3-418e-b14f-8e4dec7fc5b8,green-5.png
https://firebasestorage.googleapis.com/v0/b/playingcardsio.appspot.com/o/qz2ddj-4190612e-d32d-45c5-8e92-4ca11fd2495c.png?alt=media&token=27668339-728f-4559-9674-a3113154efec,green-6.png
https://firebasestorage.googleapis.com/v0/b/playingcardsio.appspot.com/o/qz2ddj-8d2c2e79-0dfb-4ef9-851e-9de619253fc4.png?alt=media&token=ffe8055b-92f8-4fac-a435-052d0f93b5cc,gold-1.png
https://firebasestorage.googleapis.com/v0/b/playingcardsio.appspot.com/o/qz2ddj-cc9498a4-f411-41ff-a683-3f1869187843.png?alt=media&token=54d9f024-4f7e-4457-bb5f-665e3c9dd433,gold-2.png
https://firebasestorage.googleapis.com/v0/b/playingcardsio.appspot.com/o/qz2ddj-615d7421-2ab0-4bb1-a109-cdb765660fb6.png?alt=media&token=bdd312fc-c20a-4d84-bced-9b2faf5b40b3,gold-3.png
https://firebasestorage.googleapis.com/v0/b/playingcardsio.appspot.com/o/qz2ddj-6c00c364-617e-4403-a49d-190065d19066.png?alt=media&token=0decf7d5-9233-4795-a1fc-34afaafa1e48,gold-4.png
https://firebasestorage.googleapis.com/v0/b/playingcardsio.appspot.com/o/qz2ddj-7c5d287c-cf50-4d76-ae7f-b35be4e10e1b.png?alt=media&token=d4e86d71-86b8-411a-9a50-cda28d85d849,gold-5.png
https://firebasestorage.googleapis.com/v0/b/playingcardsio.appspot.com/o/qz2ddj-38e7b47e-3422-4cf0-8642-b61319900782.png?alt=media&token=88f1967d-bbb5-4c41-b64d-539e027573f3,gold-6.png
https://firebasestorage.googleapis.com/v0/b/playingcardsio.appspot.com/o/qz2ddj-c3cd6dcb-426b-46e5-a964-7ea4a6ad82eb.png?alt=media&token=fa1c4e31-62f8-4b77-bc9a-f66cf99c38d3,gold-7.png
https://firebasestorage.googleapis.com/v0/b/playingcardsio.appspot.com/o/qz2ddj-87b1dfac-80a2-425b-afde-899910f11158.png?alt=media&token=51b2ec51-02d1-48c8-81c3-687aa45580ea,gold-8.png
https://firebasestorage.googleapis.com/v0/b/playingcardsio.appspot.com/o/qz2ddj-f7db6892-1cf6-4388-8cea-3b9cafb52fae.png?alt=media&token=e8f8b53d-ed3c-400a-90ba-8b5c059df72d,gold-9.png
https://firebasestorage.googleapis.com/v0/b/playingcardsio.appspot.com/o/qz2ddj-e15d1c80-4eca-4793-994a-a0553cfe70fe.png?alt=media&token=0eb081d7-8bec-40a6-b2a9-74b6345fa083,gold-10.png
https://firebasestorage.googleapis.com/v0/b/playingcardsio.appspot.com/o/qz2ddj-bd2a16a5-42f8-4d1e-b052-b101fde07f2b.png?alt=media&token=84949a90-d6c5-412d-b6fd-cad6bc62ca4c,gold-11.png
https://firebasestorage.googleapis.com/v0/b/playingcardsio.appspot.com/o/qz2ddj-e1b1ee84-1c94-44ef-a651-079fc5ac292b.png?alt=media&token=d18677cd-2aeb-460a-ba4b-a5912691048e,gold-12.png
https://firebasestorage.googleapis.com/v0/b/playingcardsio.appspot.com/o/qz2ddj-01d22fd9-5774-4284-9fab-3f1580ff2f6b.png?alt=media&token=4b010bfe-b355-4168-af39-aee05292b257,gold-13.png
https://firebasestorage.googleapis.com/v0/b/playingcardsio.appspot.com/o/qz2ddj-c9adb63b-8f4e-4cd9-b1ba-5f6288d334f3.png?alt=media&token=ff6bc198-fc7a-4271-a1f8-080555f8b32e,gold-14.png
